id,url,raw,properties
NOTION-e744a60f,https://notion.so/Globex-0---Enterprise-License,Mock content,"{""title"": ""Globex 0 - Enterprise License Strategy""}"
NOTION-1424717f,https://notion.so/Acme-Corp-1---Enterprise-License,Mock content,"{""title"": ""Acme Corp 1 - Enterprise License Strategy""}"
NOTION-362ff0c5,https://notion.so/Oscorp-2---Enterprise-License,Mock content,"{""title"": ""Oscorp 2 - Enterprise License Strategy""}"
NOTION-aed39cf4,https://notion.so/Oscorp-3---Enterprise-License,Mock content,"{""title"": ""Oscorp 3 - Enterprise License Strategy""}"
NOTION-23d5ec17,https://notion.so/Stark-Industries-4---Enterprise-License,Mock content,"{""title"": ""Stark Industries 4 - Enterprise License Strategy""}"
NOTION-2fe38fb2,https://notion.so/Massive-Dynamic-5---Enterprise-License,Mock content,"{""title"": ""Massive Dynamic 5 - Enterprise License Strategy""}"
NOTION-213b6eca,https://notion.so/Initech-6---Enterprise-License,Mock content,"{""title"": ""Initech 6 - Enterprise License Strategy""}"
NOTION-7a478dc4,https://notion.so/Acme-Corp-7---Enterprise-License,Mock content,"{""title"": ""Acme Corp 7 - Enterprise License Strategy""}"
NOTION-abd42d38,https://notion.so/Oscorp-8---Enterprise-License,Mock content,"{""title"": ""Oscorp 8 - Enterprise License Strategy""}"
NOTION-214b37e3,https://notion.so/Initech-10---Enterprise-License,Mock content,"{""title"": ""Initech 10 - Enterprise License Strategy""}"
NOTION-5484dfa3,https://notion.so/Hooli-11---Enterprise-License,Mock content,"{""title"": ""Hooli 11 - Enterprise License Strategy""}"
NOTION-b055fbad,https://notion.so/Initech-12---Enterprise-License,Mock content,"{""title"": ""Initech 12 - Enterprise License Strategy""}"
